"Category","FileName","Path","Lines","CreateStatements","ObjectsDefined","ReferencesCount","ReferencedObjects","ForeignKeys","FKTargets","CallsCount","CalledObjects","HasComments","HasGO","HasTenantId","HasJSON","HasSpatial","HasTemporal","IsInMemory","HasCLR"
"Indexes","dbo.AtomRelation.ST_Coordinates.sql","D:\Repositories\Hartonomous\src\Hartonomous.Database\Indexes\dbo.AtomRelation.ST_Coordinates.sql","3","0","","1","AtomRelation","0","","1","AtomRelation","False","False","False","False","False","False","False","False"
"Indexes","dbo.AtomRelation.ST_RelationType_Importance.sql","D:\Repositories\Hartonomous\src\Hartonomous.Database\Indexes\dbo.AtomRelation.ST_RelationType_Importance.sql","3","0","","1","AtomRelation","0","","1","AtomRelation","False","False","False","False","False","False","False","False"
"Indexes","dbo.AtomRelation.ST_Spatial_Distribution.sql","D:\Repositories\Hartonomous\src\Hartonomous.Database\Indexes\dbo.AtomRelation.ST_Spatial_Distribution.sql","3","0","","1","AtomRelation","0","","1","AtomRelation","False","False","False","False","False","False","False","False"
"Indexes","dbo.EventHubCheckpoints.IX_EventHubCheckpoints_Owner.sql","D:\Repositories\Hartonomous\src\Hartonomous.Database\Indexes\dbo.EventHubCheckpoints.IX_EventHubCheckpoints_Owner.sql","3","1","IX_EventHubCheckpoints_Owner","1","EventHubCheckpoints","0","","1","EventHubCheckpoints","False","False","False","False","False","False","False","False"
"Indexes","dbo.EventHubCheckpoints.UX_EventHubCheckpoints_Composite.sql","D:\Repositories\Hartonomous\src\Hartonomous.Database\Indexes\dbo.EventHubCheckpoints.UX_EventHubCheckpoints_Composite.sql","2","0","","1","EventHubCheckpoints","0","","1","EventHubCheckpoints","False","False","False","False","False","False","False","False"
"Indexes","dbo.SemanticFeatures.ix_semantic_sentiment.sql","D:\Repositories\Hartonomous\src\Hartonomous.Database\Indexes\dbo.SemanticFeatures.ix_semantic_sentiment.sql","1","1","ix_semantic_sentiment","1","SemanticFeatures","0","","1","SemanticFeatures","False","False","False","False","False","False","False","False"
"Indexes","dbo.SemanticFeatures.ix_semantic_temporal.sql","D:\Repositories\Hartonomous\src\Hartonomous.Database\Indexes\dbo.SemanticFeatures.ix_semantic_temporal.sql","1","1","ix_semantic_temporal","1","SemanticFeatures","0","","1","SemanticFeatures","False","False","False","False","False","False","False","False"
"Indexes","dbo.SemanticFeatures.ix_semantic_topic_business.sql","D:\Repositories\Hartonomous\src\Hartonomous.Database\Indexes\dbo.SemanticFeatures.ix_semantic_topic_business.sql","1","1","ix_semantic_topic_business","1","SemanticFeatures","0","","1","SemanticFeatures","False","False","False","False","False","False","False","False"
"Indexes","dbo.SemanticFeatures.ix_semantic_topic_creative.sql","D:\Repositories\Hartonomous\src\Hartonomous.Database\Indexes\dbo.SemanticFeatures.ix_semantic_topic_creative.sql","1","1","ix_semantic_topic_creative","1","SemanticFeatures","0","","1","SemanticFeatures","False","False","False","False","False","False","False","False"
"Indexes","dbo.SemanticFeatures.ix_semantic_topic_scientific.sql","D:\Repositories\Hartonomous\src\Hartonomous.Database\Indexes\dbo.SemanticFeatures.ix_semantic_topic_scientific.sql","1","1","ix_semantic_topic_scientific","1","SemanticFeatures","0","","1","SemanticFeatures","False","False","False","False","False","False","False","False"
"Indexes","dbo.SemanticFeatures.ix_semantic_topic_technical.sql","D:\Repositories\Hartonomous\src\Hartonomous.Database\Indexes\dbo.SemanticFeatures.ix_semantic_topic_technical.sql","1","1","ix_semantic_topic_technical","1","SemanticFeatures","0","","1","SemanticFeatures","False","False","False","False","False","False","False","False"
"Indexes","IX_Atom_CreatedAt.sql","D:\Repositories\Hartonomous\src\Hartonomous.Database\Indexes\IX_Atom_CreatedAt.sql","4","0","","1","Atom","0","","1","Atom","False","False","True","False","False","False","False","False"
"Indexes","IX_Atom_ReferenceCount_Zero.sql","D:\Repositories\Hartonomous\src\Hartonomous.Database\Indexes\IX_Atom_ReferenceCount_Zero.sql","5","0","","1","Atom","0","","1","Atom","False","False","True","False","False","False","False","False"
"Indexes","IX_Atom_SourceType.sql","D:\Repositories\Hartonomous\src\Hartonomous.Database\Indexes\IX_Atom_SourceType.sql","5","0","","1","Atom","0","","1","Atom","False","False","True","False","False","False","False","False"
"Indexes","IX_Atom_TenantId_Modality_CreatedAt.sql","D:\Repositories\Hartonomous\src\Hartonomous.Database\Indexes\IX_Atom_TenantId_Modality_CreatedAt.sql","4","0","","1","Atom","0","","1","Atom","False","False","True","False","False","False","False","False"
"Indexes","IX_AtomEmbedding_AtomId_ModelId.sql","D:\Repositories\Hartonomous\src\Hartonomous.Database\Indexes\IX_AtomEmbedding_AtomId_ModelId.sql","4","0","","1","AtomEmbedding","0","","1","AtomEmbedding","False","False","False","False","False","False","False","False"
"Indexes","IX_AtomEmbedding_CreatedAt.sql","D:\Repositories\Hartonomous\src\Hartonomous.Database\Indexes\IX_AtomEmbedding_CreatedAt.sql","4","0","","1","AtomEmbedding","0","","1","AtomEmbedding","False","False","False","False","False","False","False","False"
"Indexes","IX_AtomEmbedding_EmbeddingType_Dimension.sql","D:\Repositories\Hartonomous\src\Hartonomous.Database\Indexes\IX_AtomEmbedding_EmbeddingType_Dimension.sql","4","0","","1","AtomEmbedding","0","","1","AtomEmbedding","False","False","True","False","False","False","False","False"
"Indexes","IX_AtomEmbeddings_AtomId.sql","D:\Repositories\Hartonomous\src\Hartonomous.Database\Indexes\IX_AtomEmbeddings_AtomId.sql","3","0","","0","","0","","0","","False","False","False","False","False","False","False","False"
"Indexes","IX_AtomEmbeddings_BucketXYZ.sql","D:\Repositories\Hartonomous\src\Hartonomous.Database\Indexes\IX_AtomEmbeddings_BucketXYZ.sql","4","0","","0","","0","","0","","False","False","False","False","False","False","False","False"
"Indexes","IX_AtomRelation_CreatedAt.sql","D:\Repositories\Hartonomous\src\Hartonomous.Database\Indexes\IX_AtomRelation_CreatedAt.sql","4","0","","1","AtomRelation","0","","1","AtomRelation","False","False","False","False","False","False","False","False"
"Indexes","IX_AtomRelation_RelationType_Weight.sql","D:\Repositories\Hartonomous\src\Hartonomous.Database\Indexes\IX_AtomRelation_RelationType_Weight.sql","4","0","","1","AtomRelation","0","","1","AtomRelation","False","False","False","False","False","False","False","False"
"Indexes","IX_AtomRelation_TenantId_CreatedAt.sql","D:\Repositories\Hartonomous\src\Hartonomous.Database\Indexes\IX_AtomRelation_TenantId_CreatedAt.sql","4","0","","1","AtomRelation","0","","1","AtomRelation","False","False","True","False","False","False","False","False"
"Indexes","IX_IngestionJob_LastUpdatedAt.sql","D:\Repositories\Hartonomous\src\Hartonomous.Database\Indexes\IX_IngestionJob_LastUpdatedAt.sql","5","0","","1","IngestionJob","0","","1","IngestionJob","False","False","True","False","False","False","False","False"
"Indexes","IX_IngestionJob_ParentAtomId.sql","D:\Repositories\Hartonomous\src\Hartonomous.Database\Indexes\IX_IngestionJob_ParentAtomId.sql","4","0","","1","IngestionJob","0","","1","IngestionJob","False","False","True","False","False","False","False","False"
"Indexes","IX_Model_IsActive_ModelType.sql","D:\Repositories\Hartonomous\src\Hartonomous.Database\Indexes\IX_Model_IsActive_ModelType.sql","5","0","","1","Model","0","","1","Model","False","False","True","False","False","False","False","False"
"Indexes","IX_Model_TenantId_LastUsed.sql","D:\Repositories\Hartonomous\src\Hartonomous.Database\Indexes\IX_Model_TenantId_LastUsed.sql","5","0","","1","Model","0","","1","Model","False","False","True","False","False","False","False","False"
"Indexes","IX_Models_ModelName.sql","D:\Repositories\Hartonomous\src\Hartonomous.Database\Indexes\IX_Models_ModelName.sql","3","0","","0","","0","","0","","False","False","False","False","False","False","False","False"
"Indexes","IX_Models_ModelType.sql","D:\Repositories\Hartonomous\src\Hartonomous.Database\Indexes\IX_Models_ModelType.sql","3","0","","0","","0","","0","","False","False","False","False","False","False","False","False"
"Indexes","IX_TensorAtom_AtomType.sql","D:\Repositories\Hartonomous\src\Hartonomous.Database\Indexes\IX_TensorAtom_AtomType.sql","4","0","","1","TensorAtom","0","","1","TensorAtom","False","False","False","False","False","False","False","False"
"Indexes","IX_TensorAtom_CreatedAt.sql","D:\Repositories\Hartonomous\src\Hartonomous.Database\Indexes\IX_TensorAtom_CreatedAt.sql","4","0","","1","TensorAtom","0","","1","TensorAtom","False","False","False","False","False","False","False","False"
"Indexes","IX_TensorAtom_ModelId_LayerId.sql","D:\Repositories\Hartonomous\src\Hartonomous.Database\Indexes\IX_TensorAtom_ModelId_LayerId.sql","4","0","","1","TensorAtom","0","","1","TensorAtom","False","False","False","False","False","False","False","False"
"Indexes","IX_TensorAtomCoefficient_ModelId_LayerIdx.sql","D:\Repositories\Hartonomous\src\Hartonomous.Database\Indexes\IX_TensorAtomCoefficient_ModelId_LayerIdx.sql","4","0","","1","TensorAtomCoefficient","0","","1","TensorAtomCoefficient","False","False","False","False","False","False","False","False"
"Indexes","NCCI_AutonomousImprovementHistory_Analytics.sql","D:\Repositories\Hartonomous\src\Hartonomous.Database\Indexes\NCCI_AutonomousImprovementHistory_Analytics.sql","18","0","","0","","0","","0","","True","False","False","False","False","False","False","False"
"Indexes","NCCI_BillingUsageLedger_Analytics.sql","D:\Repositories\Hartonomous\src\Hartonomous.Database\Indexes\NCCI_BillingUsageLedger_Analytics.sql","17","0","","0","","0","","0","","True","False","True","False","False","False","False","False"
"Functions","dbo.clr_ExtractAudioFrames.sql","D:\Repositories\Hartonomous\src\Hartonomous.Database\Functions\dbo.clr_ExtractAudioFrames.sql","23","1","clr_ExtractAudioFrames","1","clr_ExtractAudioFrames","0","","1","clr_ExtractAudioFrames","False","False","False","False","False","False","False","True"
"Functions","dbo.clr_ExtractImagePixels.sql","D:\Repositories\Hartonomous\src\Hartonomous.Database\Functions\dbo.clr_ExtractImagePixels.sql","24","1","clr_ExtractImagePixels","1","clr_ExtractImagePixels","0","","1","clr_ExtractImagePixels","False","False","False","False","False","False","False","True"
"Functions","dbo.clr_ExtractModelWeights.sql","D:\Repositories\Hartonomous\src\Hartonomous.Database\Functions\dbo.clr_ExtractModelWeights.sql","24","1","clr_ExtractModelWeights","2","float, clr_ExtractModelWeights","0","","1","clr_ExtractModelWeights","False","False","False","False","False","False","False","True"
"Functions","dbo.clr_StreamAtomicWeights_Chunked.sql","D:\Repositories\Hartonomous\src\Hartonomous.Database\Functions\dbo.clr_StreamAtomicWeights_Chunked.sql","26","1","clr_StreamAtomicWeights_Chunked","0","","0","","0","","False","False","False","False","False","False","False","True"
"Functions","dbo.ConvertVarbinary4ToReal.sql","D:\Repositories\Hartonomous\src\Hartonomous.Database\Functions\dbo.ConvertVarbinary4ToReal.sql","14","1","ConvertVarbinary4ToReal","1","ConvertVarbinary4ToReal","0","","1","ConvertVarbinary4ToReal","False","False","False","False","False","False","False","False"
"Functions","dbo.fn_BindAtomsToCentroid.sql","D:\Repositories\Hartonomous\src\Hartonomous.Database\Functions\dbo.fn_BindAtomsToCentroid.sql","28","1","fn_BindAtomsToCentroid","3","AtomEmbedding, Atom, fn_BindAtomsToCentroid","0","","1","fn_BindAtomsToCentroid","False","False","True","False","True","False","False","False"
"Functions","dbo.fn_CalculateComplexity.sql","D:\Repositories\Hartonomous\src\Hartonomous.Database\Functions\dbo.fn_CalculateComplexity.sql","30","1","fn_CalculateComplexity","1","input","0","","0","","False","False","False","False","False","False","False","False"
"Functions","dbo.fn_ComputeGeometryRms.sql","D:\Repositories\Hartonomous\src\Hartonomous.Database\Functions\dbo.fn_ComputeGeometryRms.sql","27","1","fn_ComputeGeometryRms","2","sp_AtomizeAudio, fn_ComputeGeometryRms","0","","1","fn_ComputeGeometryRms","True","False","False","False","True","False","False","False"
"Functions","dbo.fn_ComputeSpatialBucket.sql","D:\Repositories\Hartonomous\src\Hartonomous.Database\Functions\dbo.fn_ComputeSpatialBucket.sql","17","1","fn_ComputeSpatialBucket","1","fn_ComputeSpatialBucket","0","","1","fn_ComputeSpatialBucket","False","False","False","False","False","False","False","False"
"Functions","dbo.fn_CreateSpatialPoint.sql","D:\Repositories\Hartonomous\src\Hartonomous.Database\Functions\dbo.fn_CreateSpatialPoint.sql","17","1","fn_CreateSpatialPoint","1","fn_CreateSpatialPoint","0","","1","fn_CreateSpatialPoint","False","False","False","False","True","False","False","False"
"Functions","dbo.fn_DetermineSla.sql","D:\Repositories\Hartonomous\src\Hartonomous.Database\Functions\dbo.fn_DetermineSla.sql","25","1","fn_DetermineSla","0","","0","","0","","False","False","False","False","False","False","False","False"
"Functions","dbo.fn_DiscoverConcepts.sql","D:\Repositories\Hartonomous\src\Hartonomous.Database\Functions\dbo.fn_DiscoverConcepts.sql","50","1","fn_DiscoverConcepts","4","AtomEmbedding, EmbeddingClusters, ConceptCentroids, fn_DiscoverConcepts","0","","1","fn_DiscoverConcepts","False","False","True","False","True","False","False","False"
"Functions","dbo.fn_EstimateResponseTime.sql","D:\Repositories\Hartonomous\src\Hartonomous.Database\Functions\dbo.fn_EstimateResponseTime.sql","29","1","fn_EstimateResponseTime","1","SLA","0","","0","","False","False","False","False","False","False","False","False"
"Functions","dbo.fn_GetContextCentroid.sql","D:\Repositories\Hartonomous\src\Hartonomous.Database\Functions\dbo.fn_GetContextCentroid.sql","16","1","fn_GetContextCentroid","4","AtomEmbedding, STRING_SPLIT, fn_GetContextCentroid, fn_CreateSpatialPoint","0","","2","fn_GetContextCentroid, fn_CreateSpatialPoint","False","False","False","False","False","False","False","False"
"Functions","dbo.fn_GetModelLayers.sql","D:\Repositories\Hartonomous\src\Hartonomous.Database\Functions\dbo.fn_GetModelLayers.sql","29","1","fn_GetModelLayers","2","vw_ModelLayersWithStats, fn_GetModelLayers","0","","1","fn_GetModelLayers","False","False","False","False","False","False","False","False"
"Functions","dbo.fn_GetModelPerformanceFiltered.sql","D:\Repositories\Hartonomous\src\Hartonomous.Database\Functions\dbo.fn_GetModelPerformanceFiltered.sql","31","1","fn_GetModelPerformanceFiltered","2","vw_ModelPerformance, fn_GetModelPerformanceFiltered","0","","1","fn_GetModelPerformanceFiltered","False","False","False","False","False","False","False","False"
"Functions","dbo.fn_GetModelsPaged.sql","D:\Repositories\Hartonomous\src\Hartonomous.Database\Functions\dbo.fn_GetModelsPaged.sql","29","1","fn_GetModelsPaged","2","vw_ModelsSummary, fn_GetModelsPaged","0","","1","fn_GetModelsPaged","False","False","False","False","False","False","False","False"
"Functions","dbo.fn_HilbertFunctions.sql","D:\Repositories\Hartonomous\src\Hartonomous.Database\Functions\dbo.fn_HilbertFunctions.sql","39","3","fn_ComputeHilbertValue, fn_InverseHilbert, fn_HilbertRangeStart","0","","0","","0","","False","False","False","False","True","False","False","False"
"Functions","dbo.fn_NormalizeJSON.sql","D:\Repositories\Hartonomous\src\Hartonomous.Database\Functions\dbo.fn_NormalizeJSON.sql","18","1","fn_NormalizeJSON","2","OPENJSON, fn_NormalizeJSON","0","","1","fn_NormalizeJSON","False","False","False","True","False","False","False","False"
"Functions","dbo.fn_SelectModelsForTask.sql","D:\Repositories\Hartonomous\src\Hartonomous.Database\Functions\dbo.fn_SelectModelsForTask.sql","129","1","fn_SelectModelsForTask","6","STRING_SPLIT, Model, ModelMetadata, OPENJSON, WeightOverrides, fn_SelectModelsForTask","0","","1","fn_SelectModelsForTask","False","False","False","True","False","False","False","False"
"Functions","dbo.fn_SoftmaxTemperature.sql","D:\Repositories\Hartonomous\src\Hartonomous.Database\Functions\dbo.fn_SoftmaxTemperature.sql","10","1","fn_SoftmaxTemperature","1","fn_SoftmaxTemperature","0","","1","fn_SoftmaxTemperature","False","False","False","False","False","False","False","False"
"Functions","dbo.fn_SpatialKNN.sql","D:\Repositories\Hartonomous\src\Hartonomous.Database\Functions\dbo.fn_SpatialKNN.sql","20","1","fn_SpatialKNN","2","AtomEmbedding, fn_SpatialKNN","0","","1","fn_SpatialKNN","False","False","False","False","True","False","False","False"
"Functions","dbo.fn_VectorCosineSimilarity.sql","D:\Repositories\Hartonomous\src\Hartonomous.Database\Functions\dbo.fn_VectorCosineSimilarity.sql","12","1","fn_VectorCosineSimilarity","1","fn_VectorCosineSimilarity","0","","1","fn_VectorCosineSimilarity","False","False","False","False","False","False","False","False"
"Functions","provenance.clr_AppendAtomicStreamSegment.sql","D:\Repositories\Hartonomous\src\Hartonomous.Database\Functions\provenance.clr_AppendAtomicStreamSegment.sql","16","1","provenance","0","","0","","0","","True","False","False","False","False","False","False","True"
"Functions","provenance.clr_CreateAtomicStream.sql","D:\Repositories\Hartonomous\src\Hartonomous.Database\Functions\provenance.clr_CreateAtomicStream.sql","15","1","provenance","0","","0","","0","","True","False","False","False","False","False","False","True"
"Functions","provenance.clr_EnumerateAtomicStreamSegments.sql","D:\Repositories\Hartonomous\src\Hartonomous.Database\Functions\provenance.clr_EnumerateAtomicStreamSegments.sql","19","1","provenance","1","an","0","","0","","True","False","False","False","False","False","False","True"
"Functions","ref.GetStatusId.sql","D:\Repositories\Hartonomous\src\Hartonomous.Database\Functions\ref.GetStatusId.sql","17","1","ref","1","ref","0","","0","","False","False","False","False","False","False","False","False"
"Tables","Attention.AttentionGenerationTables.sql","D:\Repositories\Hartonomous\src\Hartonomous.Database\Tables\Attention.AttentionGenerationTables.sql","57","3","AttentionGenerationLog, AttentionInferenceResults, TransformerInferenceResults","3","AttentionGenerationLog, AttentionInferenceResults, TransformerInferenceResults","0","","3","AttentionGenerationLog, AttentionInferenceResults, TransformerInferenceResults","True","False","True","True","False","False","False","False"
"Tables","dbo.AgentTools.sql","D:\Repositories\Hartonomous\src\Hartonomous.Database\Tables\dbo.AgentTools.sql","11","1","AgentTools","1","AgentTools","0","","1","AgentTools","False","False","False","True","False","False","False","False"
"Tables","dbo.Atom.sql","D:\Repositories\Hartonomous\src\Hartonomous.Database\Tables\dbo.Atom.sql","61","1","Atom","0","","0","","0","","False","False","True","True","False","True","False","False"
"Tables","dbo.AtomComposition.sql","D:\Repositories\Hartonomous\src\Hartonomous.Database\Tables\dbo.AtomComposition.sql","26","1","AtomComposition","1","Atom","2","Atom, Atom","1","Atom","False","False","False","False","True","False","False","False"
"Tables","dbo.AtomEmbedding.sql","D:\Repositories\Hartonomous\src\Hartonomous.Database\Tables\dbo.AtomEmbedding.sql","74","1","AtomEmbedding","2","Atom, Model","2","Atom, Model","0","","False","False","True","False","True","False","False","False"
"Tables","dbo.AtomEmbeddingComponent.sql","D:\Repositories\Hartonomous\src\Hartonomous.Database\Tables\dbo.AtomEmbeddingComponent.sql","9","1","AtomEmbeddingComponent","1","AtomEmbedding","1","AtomEmbedding","0","","False","False","False","False","False","False","False","False"
"Tables","dbo.AtomEmbeddingSpatialMetadatum.sql","D:\Repositories\Hartonomous\src\Hartonomous.Database\Tables\dbo.AtomEmbeddingSpatialMetadatum.sql","22","1","AtomEmbeddingSpatialMetadatum","0","","0","","0","","False","False","False","False","False","False","False","False"
"Tables","dbo.AtomHistory.sql","D:\Repositories\Hartonomous\src\Hartonomous.Database\Tables\dbo.AtomHistory.sql","43","1","AtomHistory","1","sys","0","","0","","False","False","True","True","False","False","False","False"
"Tables","dbo.AtomRelation.sql","D:\Repositories\Hartonomous\src\Hartonomous.Database\Tables\dbo.AtomRelation.sql","38","1","AtomRelation","1","Atom","2","Atom, Atom","0","","False","False","True","True","True","True","False","False"
"Tables","dbo.AttentionGenerationLog.sql","D:\Repositories\Hartonomous\src\Hartonomous.Database\Tables\dbo.AttentionGenerationLog.sql","22","1","AttentionGenerationLog","2","Model, AttentionGenerationLog","1","Model","2","AttentionGenerationLog, Model","False","False","True","True","False","False","False","False"
"Tables","dbo.AttentionInferenceResults.sql","D:\Repositories\Hartonomous\src\Hartonomous.Database\Tables\dbo.AttentionInferenceResults.sql","17","1","AttentionInferenceResults","2","Model, AttentionInferenceResults","1","Model","2","AttentionInferenceResults, Model","False","False","False","True","False","False","False","False"
"Tables","dbo.AutonomousComputeJobs.sql","D:\Repositories\Hartonomous\src\Hartonomous.Database\Tables\dbo.AutonomousComputeJobs.sql","15","1","AutonomousComputeJobs","1","AutonomousComputeJobs","0","","1","AutonomousComputeJobs","False","False","False","True","False","False","False","False"
"Tables","dbo.AutonomousImprovementHistory.sql","D:\Repositories\Hartonomous\src\Hartonomous.Database\Tables\dbo.AutonomousImprovementHistory.sql","23","1","AutonomousImprovementHistory","0","","0","","0","","False","False","False","False","False","False","False","False"
"Tables","dbo.BackgroundJob.sql","D:\Repositories\Hartonomous\src\Hartonomous.Database\Tables\dbo.BackgroundJob.sql","40","1","BackgroundJob","1","sys","0","","0","","False","False","True","True","False","False","False","False"
"Tables","dbo.BillingInvoice.sql","D:\Repositories\Hartonomous\src\Hartonomous.Database\Tables\dbo.BillingInvoice.sql","20","1","BillingInvoice","0","","0","","0","","False","False","True","True","False","False","False","False"
"Tables","dbo.BillingMultiplier.sql","D:\Repositories\Hartonomous\src\Hartonomous.Database\Tables\dbo.BillingMultiplier.sql","13","1","BillingMultiplier","1","BillingRatePlan","1","BillingRatePlan","0","","False","False","False","False","False","False","False","False"
"Tables","dbo.BillingOperationRate.sql","D:\Repositories\Hartonomous\src\Hartonomous.Database\Tables\dbo.BillingOperationRate.sql","15","1","BillingOperationRate","1","BillingRatePlan","1","BillingRatePlan","0","","False","False","False","False","False","False","False","False"
"Tables","dbo.BillingPricingTier.sql","D:\Repositories\Hartonomous\src\Hartonomous.Database\Tables\dbo.BillingPricingTier.sql","14","1","BillingPricingTier","0","","0","","0","","False","False","False","True","False","False","False","False"
"Tables","dbo.BillingQuotaViolation.sql","D:\Repositories\Hartonomous\src\Hartonomous.Database\Tables\dbo.BillingQuotaViolation.sql","15","1","BillingQuotaViolation","0","","0","","0","","False","False","True","False","False","False","False","False"
"Tables","dbo.BillingRatePlan.sql","D:\Repositories\Hartonomous\src\Hartonomous.Database\Tables\dbo.BillingRatePlan.sql","20","1","BillingRatePlan","0","","0","","0","","False","False","True","False","False","False","False","False"
"Tables","dbo.BillingTenantQuota.sql","D:\Repositories\Hartonomous\src\Hartonomous.Database\Tables\dbo.BillingTenantQuota.sql","15","1","BillingTenantQuota","0","","0","","0","","False","False","True","True","False","False","False","False"
"Tables","dbo.BillingUsageLedger_InMemory.sql","D:\Repositories\Hartonomous\src\Hartonomous.Database\Tables\dbo.BillingUsageLedger_InMemory.sql","22","1","BillingUsageLedger_InMemory","0","","0","","0","","False","False","True","True","False","False","True","False"
"Tables","dbo.BillingUsageLedger_Migrate_to_Ledger.sql","D:\Repositories\Hartonomous\src\Hartonomous.Database\Tables\dbo.BillingUsageLedger_Migrate_to_Ledger.sql","94","1","BillingUsageLedger_New","6","sys, BillingUsageLedger, sp_generate_database_ledger_digest, stored, sp_verify_database_ledger_from_","0","","1","BillingUsageLedger_New","True","False","True","True","False","False","False","False"
"Tables","dbo.BillingUsageLedger.sql","D:\Repositories\Hartonomous\src\Hartonomous.Database\Tables\dbo.BillingUsageLedger.sql","24","1","BillingUsageLedger","0","","0","","0","","False","False","True","True","False","False","False","False"
"Tables","dbo.CachedActivation.sql","D:\Repositories\Hartonomous\src\Hartonomous.Database\Tables\dbo.CachedActivation.sql","16","1","CachedActivation","2","ModelLayer, Model","2","ModelLayer, Model","0","","False","False","False","False","False","False","False","False"
"Tables","dbo.CachedActivations_InMemory.sql","D:\Repositories\Hartonomous\src\Hartonomous.Database\Tables\dbo.CachedActivations_InMemory.sql","20","1","CachedActivations_InMemory","0","","0","","0","","False","False","False","False","False","False","True","False"
"Tables","dbo.CdcCheckpoint.sql","D:\Repositories\Hartonomous\src\Hartonomous.Database\Tables\dbo.CdcCheckpoint.sql","18","1","CdcCheckpoint","0","","0","","0","","False","False","False","False","False","False","False","False"
"Tables","dbo.CICDBuild.sql","D:\Repositories\Hartonomous\src\Hartonomous.Database\Tables\dbo.CICDBuild.sql","35","1","CICDBuild","0","","0","","0","","False","False","False","False","False","False","False","False"
"Tables","dbo.CodeAtom.sql","D:\Repositories\Hartonomous\src\Hartonomous.Database\Tables\dbo.CodeAtom.sql","21","1","CodeAtom","0","","0","","0","","False","False","False","True","True","False","False","False"
"Tables","dbo.DeduplicationPolicy.sql","D:\Repositories\Hartonomous\src\Hartonomous.Database\Tables\dbo.DeduplicationPolicy.sql","11","1","DeduplicationPolicy","0","","0","","0","","False","False","False","True","False","False","False","False"
"Tables","dbo.EmbeddingMigrationProgress.sql","D:\Repositories\Hartonomous\src\Hartonomous.Database\Tables\dbo.EmbeddingMigrationProgress.sql","8","1","EmbeddingMigrationProgress","0","","0","","0","","False","False","False","False","False","False","False","False"
"Tables","dbo.EventAtoms.sql","D:\Repositories\Hartonomous\src\Hartonomous.Database\Tables\dbo.EventAtoms.sql","18","1","EventAtoms","3","StreamOrchestrationResults, Atom, EventAtoms","2","StreamOrchestrationResults, Atom","3","EventAtoms, StreamOrchestrationResults, Atom","False","False","False","False","False","False","False","False"
"Tables","dbo.EventGenerationResults.sql","D:\Repositories\Hartonomous\src\Hartonomous.Database\Tables\dbo.EventGenerationResults.sql","16","1","EventGenerationResults","2","StreamOrchestrationResults, EventGenerationResults","1","StreamOrchestrationResults","2","EventGenerationResults, StreamOrchestrationResults","False","False","False","False","False","False","False","False"
"Tables","dbo.EventHubCheckpoints.sql","D:\Repositories\Hartonomous\src\Hartonomous.Database\Tables\dbo.EventHubCheckpoints.sql","15","1","EventHubCheckpoints","1","EventHubCheckpoints","0","","1","EventHubCheckpoints","False","False","False","False","False","False","False","False"
"Tables","dbo.GenerationStreamSegment.sql","D:\Repositories\Hartonomous\src\Hartonomous.Database\Tables\dbo.GenerationStreamSegment.sql","32","1","GenerationStreamSegment","3","generation, segment, provenance","1","provenance","0","","True","False","True","False","False","False","False","False"
"Tables","dbo.InferenceCache_InMemory.sql","D:\Repositories\Hartonomous\src\Hartonomous.Database\Tables\dbo.InferenceCache_InMemory.sql","22","1","InferenceCache_InMemory","0","","0","","0","","False","False","False","False","False","False","True","False"
"Tables","dbo.InferenceCache.sql","D:\Repositories\Hartonomous\src\Hartonomous.Database\Tables\dbo.InferenceCache.sql","17","1","InferenceCache","1","Model","1","Model","0","","False","False","False","False","False","False","False","False"
"Tables","dbo.InferenceRequest.sql","D:\Repositories\Hartonomous\src\Hartonomous.Database\Tables\dbo.InferenceRequest.sql","26","1","InferenceRequest","1","Model","1","Model","0","","False","False","False","True","False","False","False","False"
"Tables","dbo.InferenceStep.sql","D:\Repositories\Hartonomous\src\Hartonomous.Database\Tables\dbo.InferenceStep.sql","18","1","InferenceStep","2","InferenceRequest, Model","2","InferenceRequest, Model","0","","False","False","False","False","False","False","False","False"
"Tables","dbo.IngestionJob.sql","D:\Repositories\Hartonomous\src\Hartonomous.Database\Tables\dbo.IngestionJob.sql","44","1","IngestionJob","1","Atom","1","Atom","0","","False","False","True","False","False","False","False","False"
"Tables","dbo.IngestionJobAtom.sql","D:\Repositories\Hartonomous\src\Hartonomous.Database\Tables\dbo.IngestionJobAtom.sql","11","1","IngestionJobAtom","2","Atom, IngestionJob","2","Atom, IngestionJob","0","","False","False","False","False","False","False","False","False"
"Tables","dbo.Model.sql","D:\Repositories\Hartonomous\src\Hartonomous.Database\Tables\dbo.Model.sql","27","1","Model","0","","0","","0","","False","False","True","True","False","False","False","False"
"Tables","dbo.ModelLayer.sql","D:\Repositories\Hartonomous\src\Hartonomous.Database\Tables\dbo.ModelLayer.sql","28","1","ModelLayer","2","Atom, Model","2","Atom, Model","0","","False","False","False","True","True","False","False","False"
"Tables","dbo.ModelMetadata.sql","D:\Repositories\Hartonomous\src\Hartonomous.Database\Tables\dbo.ModelMetadata.sql","17","1","ModelMetadata","1","Model","1","Model","0","","False","False","False","True","False","False","False","False"
"Tables","dbo.MultiPathReasoning.sql","D:\Repositories\Hartonomous\src\Hartonomous.Database\Tables\dbo.MultiPathReasoning.sql","14","1","MultiPathReasoning","1","MultiPathReasoning","0","","1","MultiPathReasoning","False","False","False","True","False","False","False","False"
"Tables","dbo.Neo4jSyncLog.sql","D:\Repositories\Hartonomous\src\Hartonomous.Database\Tables\dbo.Neo4jSyncLog.sql","16","1","Neo4jSyncLog","0","","0","","0","","False","False","False","False","False","False","False","False"
"Tables","dbo.OperationProvenance.sql","D:\Repositories\Hartonomous\src\Hartonomous.Database\Tables\dbo.OperationProvenance.sql","9","1","OperationProvenance","1","OperationProvenance","0","","1","OperationProvenance","False","False","False","False","False","False","False","False"
"Tables","dbo.PendingActions.sql","D:\Repositories\Hartonomous\src\Hartonomous.Database\Tables\dbo.PendingActions.sql","25","1","PendingActions","1","PendingActions","0","","1","PendingActions","False","False","False","True","False","False","False","False"
"Tables","dbo.ProvenanceAuditResults.sql","D:\Repositories\Hartonomous\src\Hartonomous.Database\Tables\dbo.ProvenanceAuditResults.sql","18","1","ProvenanceAuditResults","1","ProvenanceAuditResults","0","","1","ProvenanceAuditResults","False","False","False","True","False","False","False","False"
"Tables","dbo.ProvenanceValidationResults.sql","D:\Repositories\Hartonomous\src\Hartonomous.Database\Tables\dbo.ProvenanceValidationResults.sql","15","1","ProvenanceValidationResults","2","OperationProvenance, ProvenanceValidationResults","1","OperationProvenance","2","ProvenanceValidationResults, OperationProvenance","False","False","False","True","False","False","False","False"
"Tables","dbo.ReasoningChains.sql","D:\Repositories\Hartonomous\src\Hartonomous.Database\Tables\dbo.ReasoningChains.sql","13","1","ReasoningChains","1","ReasoningChains","0","","1","ReasoningChains","False","False","False","True","False","False","False","False"
"Tables","dbo.SelfConsistencyResults.sql","D:\Repositories\Hartonomous\src\Hartonomous.Database\Tables\dbo.SelfConsistencyResults.sql","15","1","SelfConsistencyResults","1","SelfConsistencyResults","0","","1","SelfConsistencyResults","False","False","False","True","False","False","False","False"
"Tables","dbo.SemanticFeatures.sql","D:\Repositories\Hartonomous\src\Hartonomous.Database\Tables\dbo.SemanticFeatures.sql","19","1","SemanticFeatures","2","AtomEmbedding, SemanticFeatures","1","AtomEmbedding","2","SemanticFeatures, AtomEmbedding","False","False","False","False","False","False","False","False"
"Tables","dbo.SessionPaths_InMemory.sql","D:\Repositories\Hartonomous\src\Hartonomous.Database\Tables\dbo.SessionPaths_InMemory.sql","18","1","SessionPaths_InMemory","0","","0","","0","","False","False","False","False","False","False","True","False"
"Tables","dbo.SessionPaths.sql","D:\Repositories\Hartonomous\src\Hartonomous.Database\Tables\dbo.SessionPaths.sql","12","1","SessionPaths","1","SessionPaths","0","","1","SessionPaths","False","False","True","False","True","False","False","False"
"Tables","dbo.SpatialLandmarks.sql","D:\Repositories\Hartonomous\src\Hartonomous.Database\Tables\dbo.SpatialLandmarks.sql","9","1","SpatialLandmarks","1","SpatialLandmarks","0","","1","SpatialLandmarks","False","False","False","False","True","False","False","False"
"Tables","dbo.StreamFusionResults.sql","D:\Repositories\Hartonomous\src\Hartonomous.Database\Tables\dbo.StreamFusionResults.sql","13","1","StreamFusionResults","1","StreamFusionResults","0","","1","StreamFusionResults","False","False","False","True","False","False","False","False"
"Tables","dbo.StreamOrchestrationResults.sql","D:\Repositories\Hartonomous\src\Hartonomous.Database\Tables\dbo.StreamOrchestrationResults.sql","15","1","StreamOrchestrationResults","1","StreamOrchestrationResults","0","","1","StreamOrchestrationResults","False","False","False","False","False","False","False","False"
"Tables","dbo.TenantAtom.sql","D:\Repositories\Hartonomous\src\Hartonomous.Database\Tables\dbo.TenantAtom.sql","19","1","TenantAtom","1","Atom","1","Atom","0","","False","False","True","False","False","False","False","False"
"Tables","dbo.TenantAtoms.sql","D:\Repositories\Hartonomous\src\Hartonomous.Database\Tables\dbo.TenantAtoms.sql","7","1","TenantAtoms","0","","0","","0","","False","False","True","False","False","False","False","False"
"Tables","dbo.TenantGuidMapping.sql","D:\Repositories\Hartonomous\src\Hartonomous.Database\Tables\dbo.TenantGuidMapping.sql","36","1","TenantGuidMapping","1","sys","0","","0","","False","False","True","False","False","False","False","False"
"Tables","dbo.TenantSecurityPolicy.sql","D:\Repositories\Hartonomous\src\Hartonomous.Database\Tables\dbo.TenantSecurityPolicy.sql","16","1","TenantSecurityPolicy","0","","0","","0","","False","False","True","False","False","False","False","False"
"Tables","dbo.TensorAtom.sql","D:\Repositories\Hartonomous\src\Hartonomous.Database\Tables\dbo.TensorAtom.sql","17","1","TensorAtom","3","Atom, ModelLayer, Model","3","Atom, ModelLayer, Model","0","","False","False","False","True","True","False","False","False"
"Tables","dbo.TensorAtomCoefficient.sql","D:\Repositories\Hartonomous\src\Hartonomous.Database\Tables\dbo.TensorAtomCoefficient.sql","48","1","TensorAtomCoefficient","2","Atom, Model","2","Atom, Model","1","Atom","False","False","False","False","True","True","False","False"
"Tables","dbo.TensorAtomCoefficients_History.sql","D:\Repositories\Hartonomous\src\Hartonomous.Database\Tables\dbo.TensorAtomCoefficients_History.sql","22","1","TensorAtomCoefficients_History","0","","0","","0","","False","False","False","False","True","False","False","False"
"Tables","dbo.TestResult.sql","D:\Repositories\Hartonomous\src\Hartonomous.Database\Tables\dbo.TestResult.sql","17","1","TestResult","0","","0","","0","","False","False","False","False","False","False","False","False"
"Tables","dbo.TokenVocabulary.sql","D:\Repositories\Hartonomous\src\Hartonomous.Database\Tables\dbo.TokenVocabulary.sql","13","1","TokenVocabulary","1","Model","1","Model","0","","False","False","False","False","False","False","False","False"
"Tables","dbo.TopicKeywords.sql","D:\Repositories\Hartonomous\src\Hartonomous.Database\Tables\dbo.TopicKeywords.sql","6","1","TopicKeywords","1","TopicKeywords","0","","1","TopicKeywords","False","False","False","False","False","False","False","False"
"Tables","dbo.TransformerInferenceResults.sql","D:\Repositories\Hartonomous\src\Hartonomous.Database\Tables\dbo.TransformerInferenceResults.sql","17","1","TransformerInferenceResults","2","Model, TransformerInferenceResults","1","Model","2","TransformerInferenceResults, Model","False","False","False","True","False","False","False","False"
"Tables","dbo.WeightSnapshot.sql","D:\Repositories\Hartonomous\src\Hartonomous.Database\Tables\dbo.WeightSnapshot.sql","12","1","WeightSnapshot","2","Model, WeightSnapshot","1","Model","2","WeightSnapshot, Model","False","False","False","False","False","False","False","False"
"Tables","graph.AtomGraphEdges_Add_PseudoColumn_Indexes.sql","D:\Repositories\Hartonomous\src\Hartonomous.Database\Tables\graph.AtomGraphEdges_Add_PseudoColumn_Indexes.sql","79","0","","2","a, graph","0","","0","","True","False","False","False","False","False","False","False"
"Tables","graph.AtomGraphEdges.sql","D:\Repositories\Hartonomous\src\Hartonomous.Database\Tables\graph.AtomGraphEdges.sql","14","1","graph","0","","0","","0","","False","False","False","True","True","False","False","False"
"Tables","graph.AtomGraphNodes.sql","D:\Repositories\Hartonomous\src\Hartonomous.Database\Tables\graph.AtomGraphNodes.sql","18","1","graph","0","","0","","0","","False","False","False","True","True","False","False","False"
"Tables","provenance.AtomConcepts.sql","D:\Repositories\Hartonomous\src\Hartonomous.Database\Tables\provenance.AtomConcepts.sql","24","1","provenance","3","atom, Atom, provenance","2","Atom, provenance","0","","False","False","True","False","False","False","False","False"
"Tables","provenance.AtomGraphEdges.sql","D:\Repositories\Hartonomous\src\Hartonomous.Database\Tables\provenance.AtomGraphEdges.sql","17","1","provenance","1","graph","0","","0","","True","False","True","False","False","False","False","False"
"Tables","provenance.ConceptEvolution.sql","D:\Repositories\Hartonomous\src\Hartonomous.Database\Tables\provenance.ConceptEvolution.sql","23","1","provenance","1","provenance","1","provenance","0","","False","False","True","False","False","False","False","False"
"Tables","provenance.Concepts.sql","D:\Repositories\Hartonomous\src\Hartonomous.Database\Tables\provenance.Concepts.sql","40","1","provenance","1","Model","1","Model","0","","False","False","True","False","True","False","False","False"
"Tables","provenance.GenerationStreams.sql","D:\Repositories\Hartonomous\src\Hartonomous.Database\Tables\provenance.GenerationStreams.sql","15","1","provenance","1","Model","1","Model","0","","False","False","True","False","False","False","False","False"
"Tables","provenance.ModelVersionHistory.sql","D:\Repositories\Hartonomous\src\Hartonomous.Database\Tables\provenance.ModelVersionHistory.sql","25","1","provenance","2","Model, provenance","2","Model, provenance","0","","False","False","True","True","False","False","False","False"
"Tables","Provenance.ProvenanceTrackingTables.sql","D:\Repositories\Hartonomous\src\Hartonomous.Database\Tables\Provenance.ProvenanceTrackingTables.sql","49","3","OperationProvenance, ProvenanceValidationResults, ProvenanceAuditResults","3","OperationProvenance, ProvenanceValidationResults, ProvenanceAuditResults","1","OperationProvenance","3","OperationProvenance, ProvenanceValidationResults, ProvenanceAuditResults","True","False","False","True","False","False","False","False"
"Tables","Reasoning.ReasoningFrameworkTables.sql","D:\Repositories\Hartonomous\src\Hartonomous.Database\Tables\Reasoning.ReasoningFrameworkTables.sql","48","3","ReasoningChains, SelfConsistencyResults, MultiPathReasoning","3","ReasoningChains, SelfConsistencyResults, MultiPathReasoning","0","","3","ReasoningChains, SelfConsistencyResults, MultiPathReasoning","True","False","False","True","False","False","False","False"
"Tables","ref.Status_History.sql","D:\Repositories\Hartonomous\src\Hartonomous.Database\Tables\ref.Status_History.sql","24","1","ref","1","for","0","","0","","False","False","False","False","False","False","False","False"
"Tables","ref.Status_IX_Active_Code.sql","D:\Repositories\Hartonomous\src\Hartonomous.Database\Tables\ref.Status_IX_Active_Code.sql","8","0","","0","","0","","0","","False","False","False","False","False","False","False","False"
"Tables","ref.Status.sql","D:\Repositories\Hartonomous\src\Hartonomous.Database\Tables\ref.Status.sql","31","1","ref","0","","0","","0","","False","False","False","False","False","True","False","False"
"Tables","Stream.StreamOrchestrationTables.sql","D:\Repositories\Hartonomous\src\Hartonomous.Database\Tables\Stream.StreamOrchestrationTables.sql","71","4","StreamOrchestrationResults, StreamFusionResults, EventGenerationResults, EventAtoms","4","StreamOrchestrationResults, StreamFusionResults, EventGenerationResults, EventAtoms","2","StreamOrchestrationResults, StreamOrchestrationResults","4","StreamOrchestrationResults, StreamFusionResults, EventGenerationResults, EventAtoms","True","False","False","True","False","False","False","False"
"Tables","Temporal_Tables_Add_Retention_and_Columnstore.sql","D:\Repositories\Hartonomous\src\Hartonomous.Database\Tables\Temporal_Tables_Add_Retention_and_Columnstore.sql","117","0","","1","sys","0","","0","","False","False","False","False","False","True","False","False"
"Tables","TensorAtomCoefficients_Temporal.sql","D:\Repositories\Hartonomous\src\Hartonomous.Database\Tables\TensorAtomCoefficients_Temporal.sql","87","1","TensorAtomCoefficients_History","3","sys, DATETIME2, TensorAtomCoefficients_History","0","","1","TensorAtomCoefficients_History","False","False","False","False","False","True","False","False"
"Procedures","Admin.WeightRollback.sql","D:\Repositories\Hartonomous\src\Hartonomous.Database\Procedures\Admin.WeightRollback.sql","327","5","sp_RollbackWeightsToTimestamp, sp_CreateWeightSnapshot, WeightSnapshot, sp_RestoreWeightSnapshot, sp_ListWeightSnapshots","9","TensorAtomCoefficient, TensorAtom, or, rollback, WeightSnapshot, sp_RestoreWeightSnapshot, sp_Rollba","0","","1","WeightSnapshot","False","False","False","False","False","False","False","False"
"Procedures","Billing.InsertUsageRecord_Native.sql","D:\Repositories\Hartonomous\src\Hartonomous.Database\Procedures\Billing.InsertUsageRecord_Native.sql","64","1","sp_InsertBillingUsageRecord_Native","2","AS, BillingUsageLedger_InMemory","0","","1","BillingUsageLedger_InMemory","False","False","True","True","False","False","False","False"
"Procedures","dbo.sp_Act.sql","D:\Repositories\Hartonomous\src\Hartonomous.Database\Procedures\dbo.sp_Act.sql","369","1","sp_Act","14","sp_Hypothesize, HYPOTHESIZE, ActQueue, ACTIONS, OPENJSON, hypothesis_cursor, SERVICE, sys, sp_Analyz","0","","1","clr_FindPrimes","True","False","True","True","False","False","False","False"
"Procedures","dbo.sp_Analyze.sql","D:\Repositories\Hartonomous\src\Hartonomous.Database\Procedures\dbo.sp_Analyze.sql","326","1","sp_Analyze","14","AnalyzeQueue, SERVICE, InferenceRequest, IsolationScores, LOFScoresParsed, CombinedScores, Anomalous","0","","2","IsolationForestScore, LocalOutlierFactor","True","False","True","True","False","False","False","False"
"Procedures","dbo.sp_AtomizeCode.sql","D:\Repositories\Hartonomous\src\Hartonomous.Database\Procedures\dbo.sp_AtomizeCode.sql","125","1","sp_AtomizeCode","4","Atom, CodeAtom, clr_GenerateCodeAstVector, clr_ProjectToPoint","0","","3","clr_GenerateCodeAstVector, clr_ProjectToPoint, CodeAtom","True","False","True","True","True","False","False","False"
"Procedures","dbo.sp_AtomizeImage_Governed.sql","D:\Repositories\Hartonomous\src\Hartonomous.Database\Procedures\dbo.sp_AtomizeImage_Governed.sql","229","1","sp_AtomizeImage_Governed","3","the, IngestionJobs, Atom","0","","0","","False","False","True","False","True","False","False","False"
"Procedures","dbo.sp_AtomizeModel_Governed.sql","D:\Repositories\Hartonomous\src\Hartonomous.Database\Procedures\dbo.sp_AtomizeModel_Governed.sql","223","1","sp_AtomizeModel_Governed","5","the, IngestionJobs, CLR, clr_StreamAtomicWeights_Chunked, Atom","0","","1","Atom","False","False","True","False","False","False","False","False"
"Procedures","dbo.sp_AtomizeText_Governed.sql","D:\Repositories\Hartonomous\src\Hartonomous.Database\Procedures\dbo.sp_AtomizeText_Governed.sql","208","1","sp_AtomizeText_Governed","3","the, IngestionJobs, Atom","0","","0","","False","False","True","False","True","False","False","False"
"Procedures","dbo.sp_AttentionInference.sql","D:\Repositories\Hartonomous\src\Hartonomous.Database\Procedures\dbo.sp_AttentionInference.sql","130","1","sp_AttentionInference","5","Attention, sp_GenerateWithAttention, AttentionGenerationLog, provenance, AttentionInferenceResults","0","","1","AttentionInferenceResults","True","False","False","True","False","False","False","False"
"Procedures","dbo.sp_AuditProvenanceChain.sql","D:\Repositories\Hartonomous\src\Hartonomous.Database\Procedures\dbo.sp_AuditProvenanceChain.sql","137","1","sp_AuditProvenanceChain","3","OperationProvenance, ProvenanceValidationResults, ProvenanceAuditResults","0","","1","ProvenanceAuditResults","False","False","False","True","False","False","False","False"
"Procedures","dbo.sp_BuildConceptDomains.sql","D:\Repositories\Hartonomous\src\Hartonomous.Database\Procedures\dbo.sp_BuildConceptDomains.sql","104","1","sp_BuildConceptDomains","3","provenance, concept_cursor, sys","0","","0","","False","False","True","False","True","False","False","False"
"Procedures","dbo.sp_CalculateBill.sql","D:\Repositories\Hartonomous\src\Hartonomous.Database\Procedures\dbo.sp_CalculateBill.sql","97","1","sp_CalculateBill","2","BillingUsageLedger, BillingInvoice","0","","1","BillingInvoice","False","False","True","True","False","False","False","False"
"Procedures","dbo.sp_ChainOfThoughtReasoning.sql","D:\Repositories\Hartonomous\src\Hartonomous.Database\Procedures\dbo.sp_ChainOfThoughtReasoning.sql","114","1","sp_ChainOfThoughtReasoning","4","sp_GenerateText, sp_TextToEmbedding, ChainOfThoughtCoherence, ReasoningChains","0","","2","ChainOfThoughtCoherence, ReasoningChains","False","False","False","True","False","False","False","False"
"Procedures","dbo.sp_CognitiveActivation.sql","D:\Repositories\Hartonomous\src\Hartonomous.Database\Procedures\dbo.sp_CognitiveActivation.sql","88","1","sp_CognitiveActivation","3","AtomEmbedding, Atom, InferenceRequest","0","","1","InferenceRequest","False","False","False","True","False","False","False","False"
"Procedures","dbo.sp_CompareModelKnowledge.sql","D:\Repositories\Hartonomous\src\Hartonomous.Database\Procedures\dbo.sp_CompareModelKnowledge.sql","74","1","sp_CompareModelKnowledge","3","TensorAtom, ModelLayer, TensorAtomCoefficient","0","","0","","False","False","False","False","False","False","False","False"
"Procedures","dbo.sp_ComputeAllSemanticFeatures.sql","D:\Repositories\Hartonomous\src\Hartonomous.Database\Procedures\dbo.sp_ComputeAllSemanticFeatures.sql","69","1","sp_ComputeAllSemanticFeatures","5","AtomEmbedding, Atom, cursor_embeddings, sp_ComputeSemanticFeatures, SemanticFeatures","0","","0","","False","False","False","False","False","False","False","False"
"Procedures","dbo.sp_ComputeSemanticFeatures.sql","D:\Repositories\Hartonomous\src\Hartonomous.Database\Procedures\dbo.sp_ComputeSemanticFeatures.sql","90","1","sp_ComputeSemanticFeatures","4","AtomEmbedding, Atom, SemanticFeatures, text","0","","1","SemanticFeatures","False","False","False","False","False","False","False","False"
"Procedures","dbo.sp_ComputeSpatialProjection.sql","D:\Repositories\Hartonomous\src\Hartonomous.Database\Procedures\dbo.sp_ComputeSpatialProjection.sql","52","1","sp_ComputeSpatialProjection","3","High, JSON, OPENJSON","0","","0","","False","False","False","True","True","False","False","False"
"Procedures","dbo.sp_Converse.sql","D:\Repositories\Hartonomous\src\Hartonomous.Database\Procedures\dbo.sp_Converse.sql","120","1","sp_Converse","3","AgentTools, sp_GenerateText, fn_clr_AnalyzeSystemState","0","","1","fn_clr_AnalyzeSystemState","False","False","False","True","False","False","False","False"
"Procedures","dbo.sp_CrossModalQuery.sql","D:\Repositories\Hartonomous\src\Hartonomous.Database\Procedures\dbo.sp_CrossModalQuery.sql","60","1","sp_CrossModalQuery","2","AtomEmbedding, Atom","0","","0","","False","False","False","False","True","False","False","False"
"Procedures","dbo.sp_DetectDuplicates.sql","D:\Repositories\Hartonomous\src\Hartonomous.Database\Procedures\dbo.sp_DetectDuplicates.sql","55","1","sp_DetectDuplicates","3","on, AtomEmbedding, Atom","0","","0","","False","False","True","False","False","False","False","False"
"Procedures","dbo.sp_DiscoverAndBindConcepts.sql","D:\Repositories\Hartonomous\src\Hartonomous.Database\Procedures\dbo.sp_DiscoverAndBindConcepts.sql","227","1","sp_DiscoverAndBindConcepts","5","fn_DiscoverConcepts, concept_cursor, fn_BindAtomsToCentroid, RankedBindings, provenance","0","","2","fn_DiscoverConcepts, fn_BindAtomsToCentroid","True","False","True","False","False","False","False","False"
"Procedures","dbo.sp_EnqueueIngestion.sql","D:\Repositories\Hartonomous\src\Hartonomous.Database\Procedures\dbo.sp_EnqueueIngestion.sql","37","1","sp_EnqueueIngestion","1","SERVICE","0","","0","","False","False","True","False","False","False","False","False"
"Procedures","dbo.sp_EnqueueNeo4jSync.sql","D:\Repositories\Hartonomous\src\Hartonomous.Database\Procedures\dbo.sp_EnqueueNeo4jSync.sql","28","1","sp_EnqueueNeo4jSync","1","SERVICE","0","","0","","False","False","False","False","False","False","False","False"
"Procedures","dbo.sp_ExactVectorSearch.sql","D:\Repositories\Hartonomous\src\Hartonomous.Database\Procedures\dbo.sp_ExactVectorSearch.sql","33","1","sp_ExactVectorSearch","3","AtomEmbedding, Atom, TenantAtoms","0","","0","","False","False","True","False","False","False","False","False"
"Procedures","dbo.sp_ExportProvenance.sql","D:\Repositories\Hartonomous\src\Hartonomous.Database\Procedures\dbo.sp_ExportProvenance.sql","82","1","sp_ExportProvenance","4","ProvenanceFunctions, Lineage, provenance, Atom","0","","0","","True","False","True","True","False","False","False","False"
"Procedures","dbo.sp_ExtractMetadata.sql","D:\Repositories\Hartonomous\src\Hartonomous.Database\Procedures\dbo.sp_ExtractMetadata.sql","74","1","sp_ExtractMetadata","1","Atom","0","","0","","False","False","True","True","False","False","False","False"
"Procedures","dbo.sp_FindImpactedAtoms.sql","D:\Repositories\Hartonomous\src\Hartonomous.Database\Procedures\dbo.sp_FindImpactedAtoms.sql","56","1","sp_FindImpactedAtoms","4","ProvenanceFunctions, ImpactedAtoms, provenance, Atom","0","","0","","True","False","True","True","False","False","False","False"
"Procedures","dbo.sp_FindNearestAtoms.sql","D:\Repositories\Hartonomous\src\Hartonomous.Database\Procedures\dbo.sp_FindNearestAtoms.sql","198","1","sp_FindNearestAtoms","11","AtomEmbedding, Atom, query, SpatialCandidates, HilbertCandidates, RankedCandidates, ON, fn_ProjectTo","0","","4","fn_ProjectTo3D, clr_ComputeHilbertValue, clr_CosineSimilarity, QueryPerformanceMetrics","False","False","True","False","True","False","False","False"
"Procedures","dbo.sp_FindRelatedDocuments.sql","D:\Repositories\Hartonomous\src\Hartonomous.Database\Procedures\dbo.sp_FindRelatedDocuments.sql","94","1","sp_FindRelatedDocuments","4","FullTextSearch, AtomEmbedding, provenance, Atom","0","","0","","True","False","True","False","False","False","False","False"
"Procedures","dbo.sp_ForwardToNeo4j_Activated.sql","D:\Repositories\Hartonomous\src\Hartonomous.Database\Procedures\dbo.sp_ForwardToNeo4j_Activated.sql","159","1","sp_ForwardToNeo4j_Activated","6","Neo4jSyncQueue, Atom, via, provenance, graph, Neo4jSyncLog","0","","1","Neo4jSyncLog","False","False","False","True","False","False","False","False"
"Procedures","dbo.sp_FuseMultiModalStreams.sql","D:\Repositories\Hartonomous\src\Hartonomous.Database\Procedures\dbo.sp_FuseMultiModalStreams.sql","126","1","sp_FuseMultiModalStreams","8","STRING_SPLIT, StreamOrchestrationResults, sp_GenerateWithAttention, clr_StreamOrchestrator, fn_Decom","0","","5","clr_StreamOrchestrator, fn_DecompressComponents, StreamFusionResults, fn_GetComponentCount, fn_GetTi","False","False","False","True","False","False","False","False"
"Procedures","dbo.sp_FusionSearch.sql","D:\Repositories\Hartonomous\src\Hartonomous.Database\Procedures\dbo.sp_FusionSearch.sql","106","1","sp_FusionSearch","5","AtomEmbedding, TenantAtoms, CONTAINSTABLE, sp_executesql, Atom","0","","0","","False","False","True","False","True","False","False","False"
"Procedures","dbo.sp_GenerateEventsFromStream.sql","D:\Repositories\Hartonomous\src\Hartonomous.Database\Procedures\dbo.sp_GenerateEventsFromStream.sql","132","1","sp_GenerateEventsFromStream","8","stream, StreamOrchestrationResults, fn_DecompressComponents, concept, cluster_cursor, fn_DiscoverCon","0","","4","fn_DecompressComponents, fn_DiscoverConcepts, EventAtoms, EventGenerationResults","False","False","False","False","False","False","False","False"
"Procedures","dbo.sp_GenerateOptimalPath.sql","D:\Repositories\Hartonomous\src\Hartonomous.Database\Procedures\dbo.sp_GenerateOptimalPath.sql","174","1","sp_GenerateOptimalPath","7","start, AtomEmbedding, provenance, Open, goal, PathCTE, Atom","0","","0","","False","False","False","False","True","False","False","False"
"Procedures","dbo.sp_GenerateText.sql","D:\Repositories\Hartonomous\src\Hartonomous.Database\Procedures\dbo.sp_GenerateText.sql","73","1","sp_GenerateText","3","Model, provenance, fn_GenerateText","0","","1","fn_GenerateText","False","False","False","True","False","False","False","False"
"Procedures","dbo.sp_GenerateTextSpatial.sql","D:\Repositories\Hartonomous\src\Hartonomous.Database\Procedures\dbo.sp_GenerateTextSpatial.sql","62","1","sp_GenerateTextSpatial","3","Atom, STRING_SPLIT, sp_SpatialNextToken","0","","0","","False","False","False","False","True","False","False","False"
"Procedures","dbo.sp_GenerateUsageReport.sql","D:\Repositories\Hartonomous\src\Hartonomous.Database\Procedures\dbo.sp_GenerateUsageReport.sql","83","1","sp_GenerateUsageReport","2","BillingUsageLedger, DailyUsage","0","","0","","False","False","True","True","False","False","False","False"
"Procedures","dbo.sp_GenerateWithAttention.sql","D:\Repositories\Hartonomous\src\Hartonomous.Database\Procedures\dbo.sp_GenerateWithAttention.sql","109","1","sp_GenerateWithAttention","3","Attention, fn_GenerateWithAttention, AttentionGenerationLog","0","","2","fn_GenerateWithAttention, AttentionGenerationLog","True","False","True","True","False","False","False","False"
"Procedures","dbo.sp_GetInferenceJobStatus.sql","D:\Repositories\Hartonomous\src\Hartonomous.Database\Procedures\dbo.sp_GetInferenceJobStatus.sql","19","1","sp_GetInferenceJobStatus","1","InferenceRequest","0","","0","","False","False","False","False","False","False","False","False"
"Procedures","dbo.sp_GetModelPerformanceMetrics.sql","D:\Repositories\Hartonomous\src\Hartonomous.Database\Procedures\dbo.sp_GetModelPerformanceMetrics.sql","33","1","sp_GetModelPerformanceMetrics","1","vw_ModelPerformance","0","","0","","False","False","False","True","False","False","False","False"
"Procedures","dbo.sp_GetUsageAnalytics.sql","D:\Repositories\Hartonomous\src\Hartonomous.Database\Procedures\dbo.sp_GetUsageAnalytics.sql","46","1","sp_GetUsageAnalytics","4","query, InferenceRequest, and, sp_executesql","0","","0","","False","False","False","True","False","False","False","False"
"Procedures","dbo.sp_HybridSearch.sql","D:\Repositories\Hartonomous\src\Hartonomous.Database\Procedures\dbo.sp_HybridSearch.sql","66","1","sp_HybridSearch","3","AtomEmbedding, Atom, TenantAtoms","0","","0","","False","False","True","False","True","False","False","False"
"Procedures","dbo.sp_Hypothesize.sql","D:\Repositories\Hartonomous\src\Hartonomous.Database\Procedures\dbo.sp_Hypothesize.sql","340","1","sp_Hypothesize","11","ANALYZE, HypothesizeQueue, AutonomousComputeJobs, SERVICE, OPENJSON, TensorAtom, TensorAtomCoefficie","0","","1","PendingActions","False","False","True","True","True","False","False","False"
"Procedures","dbo.sp_InferenceHistory.sql","D:\Repositories\Hartonomous\src\Hartonomous.Database\Procedures\dbo.sp_InferenceHistory.sql","29","1","sp_InferenceHistory","1","InferenceRequest","0","","0","","False","False","False","False","False","False","False","False"
"Procedures","dbo.sp_IngestAtoms.sql","D:\Repositories\Hartonomous\src\Hartonomous.Database\Procedures\dbo.sp_IngestAtoms.sql","241","1","sp_IngestAtoms","4","OPENJSON, ON, Neo4jSyncQueue, IngestionMetrics","0","","2","Neo4jSyncQueue, IngestionMetrics","False","False","True","True","False","False","False","False"
"Procedures","dbo.sp_IngestModel.sql","D:\Repositories\Hartonomous\src\Hartonomous.Database\Procedures\dbo.sp_IngestModel.sql","133","1","sp_IngestModel","2","ModelManagement, Model","0","","1","Model","True","False","True","True","False","False","False","False"
"Procedures","dbo.sp_InsertBillingUsageRecord_Native.sql","D:\Repositories\Hartonomous\src\Hartonomous.Database\Procedures\dbo.sp_InsertBillingUsageRecord_Native.sql","56","1","sp_InsertBillingUsageRecord_Native","2","AS, BillingUsageLedger_InMemory","0","","1","BillingUsageLedger_InMemory","True","False","True","True","False","False","False","False"
"Procedures","dbo.sp_LinkProvenance.sql","D:\Repositories\Hartonomous\src\Hartonomous.Database\Procedures\dbo.sp_LinkProvenance.sql","55","1","sp_LinkProvenance","2","STRING_SPLIT, provenance","0","","0","","False","False","True","False","False","False","False","False"
"Procedures","dbo.sp_ListWeightSnapshots.sql","D:\Repositories\Hartonomous\src\Hartonomous.Database\Procedures\dbo.sp_ListWeightSnapshots.sql","22","1","sp_ListWeightSnapshots","1","WeightSnapshot","0","","0","","False","False","False","False","False","False","False","False"
"Procedures","dbo.sp_MigratePayloadLocatorToFileStream.sql","D:\Repositories\Hartonomous\src\Hartonomous.Database\Procedures\dbo.sp_MigratePayloadLocatorToFileStream.sql","99","1","sp_MigratePayloadLocatorToFileStream","4","graph, Atom, atom_cursor, clr_ReadFileBytes","0","","2","clr_ReadFileBytes, Atom","True","False","True","False","False","False","False","False"
"Procedures","dbo.sp_MultiModelEnsemble.sql","D:\Repositories\Hartonomous\src\Hartonomous.Database\Procedures\dbo.sp_MultiModelEnsemble.sql","89","1","sp_MultiModelEnsemble","4","all, AtomEmbedding, TenantAtoms, Atom","0","","0","","False","False","True","False","False","False","False","False"
"Procedures","dbo.sp_MultiPathReasoning.sql","D:\Repositories\Hartonomous\src\Hartonomous.Database\Procedures\dbo.sp_MultiPathReasoning.sql","105","1","sp_MultiPathReasoning","2","sp_GenerateText, MultiPathReasoning","0","","1","MultiPathReasoning","False","False","False","True","False","False","False","False"
"Procedures","dbo.sp_OrchestrateSensorStream.sql","D:\Repositories\Hartonomous\src\Hartonomous.Database\Procedures\dbo.sp_OrchestrateSensorStream.sql","87","1","sp_OrchestrateSensorStream","7","SensorEvents, the, sp_executesql, clr_StreamOrchestrator, StreamOrchestrationResults, fn_GetComponen","0","","4","clr_StreamOrchestrator, StreamOrchestrationResults, fn_GetComponentCount, fn_GetTimeWindow","False","False","False","False","False","False","False","False"
"Procedures","dbo.sp_QueryLineage.sql","D:\Repositories\Hartonomous\src\Hartonomous.Database\Procedures\dbo.sp_QueryLineage.sql","93","1","sp_QueryLineage","5","ProvenanceFunctions, UpstreamLineage, provenance, Atom, DownstreamLineage","0","","0","","True","False","True","False","False","False","False","False"
"Procedures","dbo.sp_QueryModelWeights.sql","D:\Repositories\Hartonomous\src\Hartonomous.Database\Procedures\dbo.sp_QueryModelWeights.sql","32","1","sp_QueryModelWeights","4","TensorAtom, ModelLayer, Atom, TensorAtomCoefficient","0","","0","","False","False","False","False","False","False","False","False"
"Procedures","dbo.sp_ResolveTenantGuid.sql","D:\Repositories\Hartonomous\src\Hartonomous.Database\Procedures\dbo.sp_ResolveTenantGuid.sql","91","1","sp_ResolveTenantGuid","2","TenantGuidMapping, sys","0","","1","TenantGuidMapping","False","False","True","False","False","False","False","False"
"Procedures","dbo.sp_RestoreWeightSnapshot.sql","D:\Repositories\Hartonomous\src\Hartonomous.Database\Procedures\dbo.sp_RestoreWeightSnapshot.sql","35","1","sp_RestoreWeightSnapshot","2","WeightSnapshot, sp_RollbackWeightsToTimestamp","0","","0","","False","False","False","False","False","False","False","False"
"Procedures","dbo.sp_RollbackWeightsToTimestamp.sql","D:\Repositories\Hartonomous\src\Hartonomous.Database\Procedures\dbo.sp_RollbackWeightsToTimestamp.sql","130","1","sp_RollbackWeightsToTimestamp","4","TensorAtomCoefficient, TensorAtom, or, rollback","0","","0","","False","False","False","False","False","False","False","False"
"Procedures","dbo.sp_RunInference.sql","D:\Repositories\Hartonomous\src\Hartonomous.Database\Procedures\dbo.sp_RunInference.sql","334","1","sp_RunInference","12","STRING_SPLIT, AtomEmbedding, Atom, sp_FindNearestAtoms, ScoredCandidates, Normalized, CumulativeProb","0","","4","clr_VectorAverage, sp_FindNearestAtoms, InferenceRequest, InferenceTracking","False","False","True","True","False","False","False","False"
"Procedures","dbo.sp_ScoreWithModel.sql","D:\Repositories\Hartonomous\src\Hartonomous.Database\Procedures\dbo.sp_ScoreWithModel.sql","70","1","sp_ScoreWithModel","5","ModelManagement, STRING_SPLIT, Model, AtomEmbedding, PREDICT","0","","1","PREDICT","True","False","True","True","False","False","False","False"
"Procedures","dbo.sp_SelfConsistencyReasoning.sql","D:\Repositories\Hartonomous\src\Hartonomous.Database\Procedures\dbo.sp_SelfConsistencyReasoning.sql","123","1","sp_SelfConsistencyReasoning","5","sp_GenerateText, sp_TextToEmbedding, JSON, SelfConsistency, SelfConsistencyResults","0","","2","SelfConsistency, SelfConsistencyResults","False","False","False","True","False","False","False","False"
"Procedures","dbo.sp_SemanticFilteredSearch.sql","D:\Repositories\Hartonomous\src\Hartonomous.Database\Procedures\dbo.sp_SemanticFilteredSearch.sql","53","1","sp_SemanticFilteredSearch","4","AtomEmbedding, SemanticFeatures, Atom, TenantAtoms","0","","0","","False","False","True","False","False","False","False","False"
"Procedures","dbo.sp_SemanticSearch.sql","D:\Repositories\Hartonomous\src\Hartonomous.Database\Procedures\dbo.sp_SemanticSearch.sql","225","1","sp_SemanticSearch","9","text, sp_TextToEmbedding, query, sp_ComputeSpatialProjection, sp_HybridSearch, Atom, AtomEmbedding, ","0","","1","InferenceRequest","False","False","True","True","False","False","False","False"
"Procedures","dbo.sp_SemanticSimilarity.sql","D:\Repositories\Hartonomous\src\Hartonomous.Database\Procedures\dbo.sp_SemanticSimilarity.sql","56","1","sp_SemanticSimilarity","4","FullTextSearch, AtomEmbedding, Atom, document","0","","0","","True","False","True","False","False","False","False","False"
"Procedures","dbo.sp_SpatialNextToken.sql","D:\Repositories\Hartonomous\src\Hartonomous.Database\Procedures\dbo.sp_SpatialNextToken.sql","72","1","sp_SpatialNextToken","7","fn_GetContextCentroid, AtomicValue, fn_SpatialKNN, AtomEmbedding, Atom, STRING_SPLIT, fn_SoftmaxTemp","0","","3","fn_GetContextCentroid, fn_SpatialKNN, fn_SoftmaxTemperature","False","False","False","False","True","False","False","False"
"Procedures","dbo.sp_StartPrimeSearch.sql","D:\Repositories\Hartonomous\src\Hartonomous.Database\Procedures\dbo.sp_StartPrimeSearch.sql","56","1","sp_StartPrimeSearch","2","SERVICE, AutonomousComputeJobs","0","","1","AutonomousComputeJobs","True","False","False","True","False","False","False","False"
"Procedures","dbo.sp_SubmitInferenceJob.sql","D:\Repositories\Hartonomous\src\Hartonomous.Database\Procedures\dbo.sp_SubmitInferenceJob.sql","114","1","sp_SubmitInferenceJob","5","SERVICE, fn_CalculateComplexity, fn_DetermineSla, fn_EstimateResponseTime, InferenceRequest","0","","4","fn_CalculateComplexity, fn_DetermineSla, fn_EstimateResponseTime, InferenceRequest","False","False","True","True","False","False","False","False"
"Procedures","dbo.sp_TemporalVectorSearch.sql","D:\Repositories\Hartonomous\src\Hartonomous.Database\Procedures\dbo.sp_TemporalVectorSearch.sql","43","1","sp_TemporalVectorSearch","2","AtomEmbedding, Atom","0","","0","","False","False","False","True","False","False","False","False"
"Procedures","dbo.sp_TokenizeText.sql","D:\Repositories\Hartonomous\src\Hartonomous.Database\Procedures\dbo.sp_TokenizeText.sql","50","1","sp_TokenizeText","3","the, STRING_SPLIT, TokenVocabulary","0","","0","","False","False","False","True","False","False","False","False"
"Procedures","dbo.sp_TransformerStyleInference.sql","D:\Repositories\Hartonomous\src\Hartonomous.Database\Procedures\dbo.sp_TransformerStyleInference.sql","111","1","sp_TransformerStyleInference","5","Attention, sp_GenerateWithAttention, AttentionGenerationLog, sp_GenerateText, TransformerInferenceRe","0","","1","TransformerInferenceResults","True","False","False","True","False","False","False","False"
"Procedures","dbo.sp_UpdateInferenceJobStatus.sql","D:\Repositories\Hartonomous\src\Hartonomous.Database\Procedures\dbo.sp_UpdateInferenceJobStatus.sql","19","1","sp_UpdateInferenceJobStatus","0","","0","","0","","False","False","False","False","False","False","False","False"
"Procedures","dbo.sp_ValidateOperationProvenance.sql","D:\Repositories\Hartonomous\src\Hartonomous.Database\Procedures\dbo.sp_ValidateOperationProvenance.sql","138","1","sp_ValidateOperationProvenance","2","OperationProvenance, ProvenanceValidationResults","0","","1","ProvenanceValidationResults","False","False","False","True","False","False","False","False"
"Procedures","Deduplication.SimilarityCheck.sql","D:\Repositories\Hartonomous\src\Hartonomous.Database\Procedures\Deduplication.SimilarityCheck.sql","43","1","Deduplication","2","AtomEmbedding, Atom","0","","0","","False","False","False","False","True","False","False","False"
"Procedures","Embedding.TextToVector.sql","D:\Repositories\Hartonomous\src\Hartonomous.Database\Procedures\Embedding.TextToVector.sql","203","1","sp_TextToEmbedding","7","TokenVocabulary, STRING_SPLIT, input, sys, NumberSeries, vocabulary, InferenceRequest","0","","1","InferenceRequest","True","False","False","True","False","False","False","False"
"Views","dbo.vw_ModelDetails.sql","D:\Repositories\Hartonomous\src\Hartonomous.Database\Views\dbo.vw_ModelDetails.sql","27","1","vw_ModelDetails","3","ModelLayer, Model, ModelMetadata","0","","0","","False","False","False","False","False","False","False","False"
"Views","dbo.vw_ModelLayersWithStats.sql","D:\Repositories\Hartonomous\src\Hartonomous.Database\Views\dbo.vw_ModelLayersWithStats.sql","30","1","vw_ModelLayersWithStats","3","TensorAtom, ModelLayer, vw_ModelLayersWithStats","0","","1","vw_ModelLayersWithStats","False","False","False","False","False","False","False","False"
"Views","dbo.vw_ModelPerformance.sql","D:\Repositories\Hartonomous\src\Hartonomous.Database\Views\dbo.vw_ModelPerformance.sql","25","1","vw_ModelPerformance","2","SUM, vw_ModelPerformanceMetrics","0","","0","","False","False","False","False","False","False","False","False"
"Views","dbo.vw_ModelPerformanceMetrics.sql","D:\Repositories\Hartonomous\src\Hartonomous.Database\Views\dbo.vw_ModelPerformanceMetrics.sql","31","1","vw_ModelPerformanceMetrics","4","required, Model, ModelLayer, vw_ModelPerformanceMetrics","0","","1","vw_ModelPerformanceMetrics","False","False","False","False","False","False","False","False"
"Views","dbo.vw_ModelsSummary.sql","D:\Repositories\Hartonomous\src\Hartonomous.Database\Views\dbo.vw_ModelsSummary.sql","25","1","vw_ModelsSummary","3","ModelLayer, Model, vw_ModelsSummary","0","","1","vw_ModelsSummary","False","False","False","False","False","False","False","False"
"Views","dbo.vw_ReconstructModelLayerWeights.sql","D:\Repositories\Hartonomous\src\Hartonomous.Database\Views\dbo.vw_ReconstructModelLayerWeights.sql","23","1","vw_ReconstructModelLayerWeights","4","TensorAtomCoefficient, Atom, Model, ModelLayer","0","","0","","False","False","False","False","False","False","False","False"
